"title_vec"	"p_value"	"TransmissionRate"	"adj_p_value"	"p_value_sq"	"adj_p_value_sq"	"TotalKernelFull"	"TotalKernelEnds"
"Y62-2x1_inference.xml"	0.00026416566203899	0.538961038961039	0.184915963427293	0.00128034334129592	0.457772907977872	462	427
"Y86-4x1.xml"	0.000770144108499477	0.509954058192956	0.269550437974817	0.00196188389133374	0.457772907977872	653	576
"Y15-4x1_inference.xml"	0.00200722863538753	0.544747081712062	0.358912538507065	0.00943909194412955	0.707554087208507	514	469
"X498-5x402_inference.xml"	0.00205092879146894	0.524822695035461	0.358912538507065	0.00163009497851912	0.457772907977872	282	257
"Y56-4x1_inference.xml"	0.00426719257488949	0.52	0.595348661812533	0.0188959676355847	0.799418879304032	575	543
"A230-5x102_inference.xml"	0.00525973661967341	0.449392712550607	0.595348661812533	0.0183033486987877	0.799418879304032	247	222
"Y15-2x1_inference.xml"	0.00643438892877912	0.559055118110236	0.595348661812533	0.0240554245282111	0.837152741044972	508	461
"Y75-1x1_inference.xml"	0.00821761441951594	0.556016597510373	0.595348661812533	0.0328208270771172	0.861077323794592	482	433
"B540-1x2_inference.xml"	0.008445325195499	0.536121673003802	0.595348661812533	0.0194144584973836	0.799418879304032	526	471
"Y41B-1x1_inference.xml"	0.00850498088303618	0.536263736263736	0.595348661812533	0.0339171807156699	0.861077323794592	455	413
"Y40-2x1_inference.xml"	0.0117463404052761	0.503030303030303	0.718287539536402	0.0450038223634813	0.861077323794592	495	457
"A31-1x102_inference.xml"	0.0132998295464536	0.512048192771084	0.718287539536402	0.0334023651706475	0.861077323794592	498	456
"Y38-3x1_inference.xml"	0.0133396257342475	0.534979423868313	0.718287539536402	0.0442643688717261	0.861077323794592	486	436
"Y32-5x1_inference.xml"	0.0159682704645433	0.476987447698745	0.753668450354771	0.0215653622963267	0.825692001827898	478	437
"A14-1x102_inference.xml"	0.0163529038860377	0.543165467625899	0.753668450354771	0.0520816126243853	0.861077323794592	278	261
"A225-1x102_inference.xml"	0.0180321785509248	0.50765306122449	0.753668450354771	0.0380630241562436	0.861077323794592	392	363
"Y231-2x1_inference.xml"	0.0192604595969618	0.518664047151277	0.753668450354771	0.00725217500069391	0.707554087208507	509	459
"X418-2x402_inference.xml"	0.0193800458662655	0.553030303030303	0.753668450354771	0.0493818822070576	0.861077323794592	132	124
"Y49-4x1_inference.xml"	0.0228819376160236	0.54375	0.824595780178307	0.0585763764475645	0.861077323794592	480	448
"X489-4x402_inference.xml"	0.0235598794336659	0.5	0.824595780178307	0.0537045146688427	0.861077323794592	136	126
"Y80-1x1_inference.xml"	0.0250984593861468	0.467836257309941	0.83661531287156	0.0839483482997518	0.861077323794592	513	463
"Y269-4x2_inference.xml"	0.0264483964806021	0.511578947368421	0.841539888019159	0.0779582808694317	0.861077323794592	475	429
"Y44-3x1_inference.xml"	0.0307407344041719	0.517777777777778	0.911000542305	0.0585695524989762	0.861077323794592	450	402
"B775B-2x2_inference.xml"	0.0312343043076	0.508045977011494	0.911000542305	0.100950365998021	0.881954591789371	435	381
"Y60A-3x1_inference.xml"	0.033444779076537	0.488584474885845	0.936453814143035	0.112289794120669	0.923585338981007	438	405
"Y89-11x1_inference.xml"	0.0372444314983199	0.50968992248062	0.953183311522978	0.0187135565721962	0.799418879304032	516	467
"Y35-4x1_inference.xml"	0.0403024780675658	0.5042194092827	0.953183311522978	0.129903216845008	0.923585338981007	474	422
"A29-2x102_inference.xml"	0.0425824557258707	0.478753541076487	0.953183311522978	0.134085136734621	0.923585338981007	353	322
"X491L-2x402_inference.xml"	0.0426047300529279	0.474541751527495	0.953183311522978	0.134771735389527	0.923585338981007	491	458
"Y85-6x1_inference.xml"	0.0438535911789516	0.52605459057072	0.953183311522978	0.0717450410645272	0.861077323794592	403	371
"Y22A-1x1_inference.xml"	0.0444344434207049	0.491452991452991	0.953183311522978	0.143179041592012	0.927404175584542	468	429
"Y232-5x1_inference.xml"	0.0457500811597431	0.488425925925926	0.953183311522978	0.103314680752469	0.881954591789371	432	401
"Y204-1x1_inference.xml"	0.0473775577014816	0.484444444444444	0.953183311522978	0.149414071241053	0.927404175584542	450	415
"B562-2x2_inference.xml"	0.0483506600494368	0.502752293577982	0.953183311522978	0.0813340610509716	0.861077323794592	545	496
"Y74G-3x1_inference.xml"	0.0499659176253803	0.485587583148559	0.953183311522978	0.156233778177476	0.927404175584542	451	417
"A21-5x102_inference.xml"	0.054483443397014	0.513317191283293	0.953183311522978	0.0845917563578033	0.861077323794592	413	371
"Y59-4x1_inference.xml"	0.0585613619585423	0.475274725274725	0.953183311522978	0.0654006677774632	0.861077323794592	364	325
"A24-5x102_inference.xml"	0.062686109567405	0.453183520599251	0.953183311522978	0.0144391026366138	0.799418879304032	267	245
"Y206-3x1_inference.xml"	0.0631473414988029	0.511013215859031	0.953183311522978	0.10157999737293	0.881954591789371	454	421
"Y11-4x1_inference.xml"	0.0635811696041106	0.483193277310924	0.953183311522978	0.186096522533355	0.927404175584542	476	435
"X445-4x402_inference.xml"	0.0638497752704863	0.512269938650307	0.953183311522978	0.0587394343530296	0.861077323794592	326	320
"Y73-5x1_inference.xml"	0.0647394885002676	0.621827411167513	0.953183311522978	0.0980746368611755	0.881954591789371	394	362
"Y270-3x1_inference.xml"	0.0651724182050693	0.52317880794702	0.953183311522978	0.196737586981007	0.927404175584542	453	418
"Y80-3x1_inference.xml"	0.0688186130206057	0.5	0.953183311522978	0.200668900446827	0.927404175584542	468	421
"Y82-13x1_inference.xml"	0.0699459605761396	0.482758620689655	0.953183311522978	0.179175886551227	0.927404175584542	377	344
"Y41B-4x1_inference.xml"	0.0717211718283182	0.555891238670695	0.953183311522978	0.176103563031862	0.927404175584542	331	303
"X4-4x400L_inference.xml"	0.0722725452171857	0.483221476510067	0.953183311522978	0.209175790092188	0.942303269466229	298	267
"A16-1x102_inference.xml"	0.0736565382118447	0.501766784452297	0.953183311522978	0.102254768538213	0.881954591789371	283	268
"Y206G-1x1_inference.xml"	0.0739551564431155	0.503740648379052	0.953183311522978	0.215195182830894	0.942303269466229	401	377
"Y25-3x1_inference.xml"	0.0742686085744848	0.517857142857143	0.953183311522978	0.160540475715662	0.927404175584542	504	452
"Y36-4x1_inference.xml"	0.0745350104007254	0.551236749116608	0.953183311522978	0.13100739753946	0.923585338981007	283	258
"Y16-4x1_inference.xml"	0.0780779774522294	0.518433179723502	0.953183311522978	0.185124910373274	0.927404175584542	434	394
"Y45-3x1_inference.xml"	0.0792757785388297	0.47834274952919	0.953183311522978	0.0632679022216826	0.861077323794592	531	478
"A38-7x102_inference.xml"	0.0798591635077084	0.514066496163683	0.953183311522978	0.0971744181813717	0.881954591789371	391	359
"X440L-2x402_inference.xml"	0.0815812042394094	0.51931330472103	0.953183311522978	0.0318606828629251	0.861077323794592	233	216
"Y38-2x1_inference.xml"	0.0820070876470615	0.514869888475836	0.953183311522978	0.134511016165069	0.923585338981007	538	500
"Y331AL-2x1_inference.xml"	0.0826257912518985	0.503012048192771	0.953183311522978	0.152896274046425	0.927404175584542	332	308
"A30-5x102_inference.xml"	0.0835566331532321	0.494252873563218	0.953183311522978	0.17670635697544	0.927404175584542	522	481
"Z257-1x1_inference.xml"	0.085175349673469	0.529080675422139	0.953183311522978	0.218143064471711	0.942303269466229	533	479
"X492-1x402_inference.xml"	0.0851969021757212	0.516377649325626	0.953183311522978	0.241260810938592	0.967389420544696	519	480
"Z262-1x1_inference.xml"	0.0864841741593546	0.477647058823529	0.953183311522978	0.0861261631149319	0.861077323794592	425	392
"A23-1x102_inference.xml"	0.0878012107803665	0.494219653179191	0.953183311522978	0.0762557875842307	0.861077323794592	346	314
"Y41B-6x1_inference.xml"	0.0886859967320135	0.497142857142857	0.953183311522978	0.249184856795039	0.967389420544696	525	474
"A14-4x102_inference.xml"	0.0893881384737697	0.546174142480211	0.953183311522978	0.251024308511705	0.967389420544696	379	349
"Y74-1x1_inference.xml"	0.0894998943221684	0.530120481927711	0.953183311522978	0.13231652478233	0.923585338981007	498	451
"Z81-2x1_inference.xml"	0.0904327563130191	0.484276729559748	0.953183311522978	0.210193485678792	0.942303269466229	318	292
"X423-2x402_inference.xml"	0.0922544077047964	0.511904761904762	0.953183311522978	0.14856277526219	0.927404175584542	168	152
"Z265-1x1_inference.xml"	0.0938904672703958	0.504477611940298	0.953183311522978	0.249300674659867	0.967389420544696	335	304
"B777A-4x2.xml"	0.093956640707265	0.56140350877193	0.953183311522978	0.165176713747444	0.927404175584542	57	46
"A35-3x102_inference.xml"	0.0956449543752829	0.51207729468599	0.95644954375283	0.262660834205354	0.967389420544696	414	381
"Y232-3x1_inference.xml"	0.0993335538212537	0.489224137931034	0.979344896829262	0.265223739057292	0.967389420544696	464	421
"Y84-5x1_inference.xml"	0.104292362688447	0.52027027027027	0.987025561767753	0.266112669805302	0.967389420544696	444	405
"Y200-1x1_inference.xml"	0.105602347165484	0.52755905511811	0.987025561767753	0.282632815348991	0.967389420544696	381	349
"A277-2x102_inference.xml"	0.105729792513492	0.51975051975052	0.987025561767753	0.278212310715244	0.967389420544696	481	446
"X446L-2x402_inference.xml"	0.105752738760831	0.522546419098143	0.987025561767753	0.283843092196083	0.967389420544696	377	347
"A228-4x102.xml"	0.11332938258965	0.524691358024691	0.989972281273887	0.0673203995912019	0.861077323794592	324	294
"Y53-2x1_inference.xml"	0.11680187587102	0.544412607449857	0.989972281273887	0.303817909155608	0.967389420544696	349	309
"X435-5x402_inference.xml"	0.116935468426775	0.518159806295399	0.989972281273887	0.100374144004864	0.881954591789371	413	378
"B562-4x2_inference.xml"	0.11924351622651	0.459948320413437	0.989972281273887	0.146563789776771	0.927404175584542	387	349
"A24-7x102_inference.xml"	0.120678209162404	0.466472303206997	0.989972281273887	0.26094013734823	0.967389420544696	343	323
"X456-2x402_inference.xml"	0.122524957434929	0.46031746031746	0.989972281273887	0.283046209161917	0.967389420544696	126	116
"Y81-3x1_inference.xml"	0.123581561842603	0.497816593886463	0.989972281273887	0.201321993763118	0.927404175584542	458	436
"A252-1x102_inference.xml"	0.125178378698329	0.495468277945619	0.989972281273887	0.15294033323772	0.927404175584542	331	313
"X468A-5x402_inference.xml"	0.125379465060392	0.483660130718954	0.989972281273887	0.0712546868459966	0.861077323794592	306	278
"B778A-1x2_inference.xml"	0.126057770430049	0.479452054794521	0.989972281273887	0.16870368723255	0.927404175584542	365	327
"B751-3x2_inference.xml"	0.12715178692642	0.56734693877551	0.989972281273887	0.305484581440021	0.967389420544696	245	221
"Y85-1x1_inference.xml"	0.128588519371017	0.546816479400749	0.989972281273887	0.315763453419	0.967389420544696	534	479
"A35-4x102_inference.xml"	0.131281783612855	0.528189910979229	0.989972281273887	0.312761371366081	0.967389420544696	337	312
"A227-6x3.xml"	0.134616506044607	0.524154589371981	0.989972281273887	0.1949766983833	0.927404175584542	414	383
"Y204-2x1_inference.xml"	0.134623579922876	0.512141280353201	0.989972281273887	0.318757851686852	0.967389420544696	453	415
"X434-1x402.xml"	0.134865369874021	0.524390243902439	0.989972281273887	0.268157073139457	0.967389420544696	82	73
"X4-6x402_inference.xml"	0.138026410725456	0.481662591687042	0.989972281273887	0.0551100610001664	0.861077323794592	409	384
"X424L-3x402_inference.xml"	0.140448422093602	0.52851711026616	0.989972281273887	0.223350612544608	0.953325785251374	263	249
"Y72-3x1_inference.xml"	0.141149719611984	0.523595505617978	0.989972281273887	0.0513806920643469	0.861077323794592	445	407
"Y83-1x1_inference.xml"	0.141972542149415	0.51214953271028	0.989972281273887	0.0866097578661469	0.861077323794592	535	481
"A227-7x102_inference.xml"	0.143274182256741	0.484472049689441	0.989972281273887	0.29441290661492	0.967389420544696	322	311
"A33-2x102_inference.xml"	0.14351408455283	0.516129032258065	0.989972281273887	0.334547687696743	0.967389420544696	434	392
"Z240A-6x1_NEW_inference.xml"	0.143930355706802	0.544692737430168	0.989972281273887	0.0496242338473746	0.861077323794592	358	325
"Y13A-1x1_inference.xml"	0.144752276276181	0.542190305206463	0.989972281273887	0.113760784488026	0.923585338981007	557	512
"X463AL-1x402_inference.xml"	0.14570402755688	0.413173652694611	0.989972281273887	0.361342070706399	0.967389420544696	334	311
"Y25-2x1_inference.xml"	0.147097210658542	0.508510638297872	0.989972281273887	0.197241763272242	0.927404175584542	470	426
"X487A-1x402_inference.xml"	0.148614778566281	0.497512437810945	0.989972281273887	0.318262306219562	0.967389420544696	402	373
"X471A-2x402_inference.xml"	0.150550139488067	0.496296296296296	0.989972281273887	0.365940964732309	0.967389420544696	270	262
"X417-2x402_inference.xml"	0.155318381535528	0.574468085106383	0.989972281273887	0.37869382814939	0.967389420544696	188	172
"A33-5x102_inference.xml"	0.157891430805863	0.522352941176471	0.989972281273887	0.28832771859684	0.967389420544696	425	387
"X432-5x402_inference.xml"	0.161958476061894	0.576576576576577	0.989972281273887	0.200119567500442	0.927404175584542	111	102
"Z252-1x1_inference.xml"	0.164178100662574	0.541871921182266	0.989972281273887	0.393957533779218	0.967389420544696	406	373
"Y75-4x1_inference.xml"	0.166273899168809	0.527659574468085	0.989972281273887	0.149899321586927	0.927404175584542	470	426
"A223-3x102_inference.xml"	0.168403659969228	0.507246376811594	0.989972281273887	0.257157382659684	0.967389420544696	276	251
"X3-6x402_inference.xml"	0.169035909437821	0.5	0.989972281273887	0.388521427318397	0.967389420544696	312	287
"Y62-3x1_inference.xml"	0.169540848339789	0.471783295711061	0.989972281273887	0.172855909131404	0.927404175584542	443	408
"Y37-1x1.xml"	0.170510154641825	0.486842105263158	0.989972281273887	0.391890846646371	0.967389420544696	532	489
"Y84-3x1_inference.xml"	0.170567033426832	0.548133595284872	0.989972281273887	0.243673807594415	0.967389420544696	509	454
"A21-2x102_inference.xml"	0.172763375763048	0.48876404494382	0.989972281273887	0.0631659999646497	0.861077323794592	356	332
"Y44-2x1_inference.xml"	0.173119064890605	0.497942386831276	0.989972281273887	0.0633381849292528	0.861077323794592	486	452
"Z205-1x1_inference.xml"	0.17319434208763	0.531468531468531	0.989972281273887	0.390621620906788	0.967389420544696	286	260
"X451A-1x402_inference.xml"	0.173780844494006	0.503649635036496	0.989972281273887	0.37058221860482	0.967389420544696	137	130
"A221-3x102_inference.xml"	0.17560140912228	0.494866529774127	0.989972281273887	0.289731448583639	0.967389420544696	487	470
"Y73G-2_x1_inference.xml"	0.177456904534239	0.494117647058824	0.989972281273887	0.343466168462052	0.967389420544696	340	314
"B711-4x2_inference.xml"	0.178122540207622	0.509756097560976	0.989972281273887	0.369636187669317	0.967389420544696	410	373
"X463A-3x402_inference.xml"	0.178594605612707	0.514957264957265	0.989972281273887	0.232676405105306	0.967389420544696	468	433
"Y64-4x1_inference.xml"	0.180127454691281	0.530864197530864	0.989972281273887	0.416650073319754	0.967389420544696	324	291
"Y41B-2x1_inference.xml"	0.182626400850402	0.483558994197292	0.989972281273887	0.392854251791076	0.967389420544696	517	491
"X481AL-1x402.xml"	0.183118903962272	0.549295774647887	0.989972281273887	0.316692590153738	0.967389420544696	71	63
"Y87-5x1_inference.xml"	0.184730253805495	0.550724637681159	0.989972281273887	0.299904463438533	0.967389420544696	483	434
"Y32-2x1_inference.xml"	0.185583401393461	0.476404494382022	0.989972281273887	0.420538698225766	0.967389420544696	445	405
"X434L-1x402_inference.xml"	0.1861850045397	0.55421686746988	0.989972281273887	0.405904767011612	0.967389420544696	166	150
"A227-2x102.xml"	0.188653691151401	0.488272921108742	0.989972281273887	0.193523863940083	0.927404175584542	469	425
"A31-4x102_inference.xml"	0.189111383291427	0.519230769230769	0.989972281273887	0.38685124817758	0.967389420544696	312	277
"A25A-_x102_inference.xml"	0.189170974111698	0.503875968992248	0.989972281273887	0.418282507765672	0.967389420544696	387	354
"X456L-3x402_inference.xml"	0.190672067424546	0.496598639455782	0.989972281273887	0.437215534166952	0.968782919435044	147	132
"Z255-1x1.xml"	0.190812812544135	0.48780487804878	0.989972281273887	0.367539699541236	0.967389420544696	123	115
"X447-3x402_inference.xml"	0.19213232104374	0.495798319327731	0.989972281273887	0.408464346733084	0.967389420544696	357	344
"X441L-3x402_inference.xml"	0.192399065221856	0.492063492063492	0.989972281273887	0.00923081699755707	0.707554087208507	252	237
"X494-4x402_inference.xml"	0.196066551407039	0.50462962962963	0.989972281273887	0.367586093425208	0.967389420544696	432	398
"A40-3x102_inference.xml"	0.199375148130151	0.5	0.989972281273887	0.0885679533045866	0.861077323794592	442	413
"A50-1x102_inference.xml"	0.202558872624404	0.508771929824561	0.989972281273887	0.245956083862051	0.967389420544696	399	370
"Y231-5x1_inference.xml"	0.202793178647968	0.501298701298701	0.989972281273887	0.170582445815821	0.927404175584542	385	353
"Y53-4x1_inference.xml"	0.203760108202916	0.463730569948187	0.989972281273887	0.424558539654233	0.967389420544696	386	360
"Y37-5x1.xml"	0.203983278471339	0.481884057971014	0.989972281273887	0.0922842305941728	0.878251918339682	276	256
"Y66-10x1_inference.xml"	0.204497869975386	0.492574257425743	0.989972281273887	0.428461521685763	0.967389420544696	404	376
"Y69-5x1_inference.xml"	0.204582294294673	0.517453798767967	0.989972281273887	0.415963260399344	0.967389420544696	487	448
"X432L-3x402_inference.xml"	0.20737643247329	0.445026178010471	0.989972281273887	0.44361595631307	0.973451941752818	191	183
"Y50G-7x1_inference.xml"	0.209201735403493	0.487124463519313	0.989972281273887	0.255337378891042	0.967389420544696	466	427
"Y32-1x1_inference.xml"	0.213181568402366	0.531413612565445	0.989972281273887	0.454502577795063	0.978941552889941	382	352
"Y70-1x1_inference.xml"	0.215122382333935	0.475409836065574	0.989972281273887	0.456395942281068	0.978941552889941	488	447
"A223-5x102_inference.xml"	0.215146670958278	0.524361948955916	0.989972281273887	0.375618154377638	0.967389420544696	431	391
"A90-2x102.xml"	0.217114705925203	0.563636363636364	0.989972281273887	0.382075962694828	0.967389420544696	275	258
"Y63-2x1_inference.xml"	0.218243263195616	0.49244060475162	0.989972281273887	0.163349562502863	0.927404175584542	463	422
"X426L-2x402_inference.xml"	0.22522566347473	0.488235294117647	0.989972281273887	0.339605282151963	0.967389420544696	170	160
"B538-6x2_inference.xml"	0.22724182533269	0.537671232876712	0.989972281273887	0.118319927603171	0.923585338981007	292	265
"Y73G-1_x1_inference.xml"	0.23501481924757	0.485074626865672	0.989972281273887	0.504512279694342	0.988335357989696	402	371
"Y70-3x1_inference.xml"	0.235483055474303	0.51409978308026	0.989972281273887	0.118747201993437	0.923585338981007	461	428
"Y80-6x1_inference.xml"	0.235596407699293	0.470842332613391	0.989972281273887	0.442154975948748	0.973297116868314	463	407
"X479A-1x402_inference.xml"	0.236039448163531	0.444055944055944	0.989972281273887	0.462318704800939	0.981213502546689	286	258
"X478A-3x402_inference.xml"	0.236247944810663	0.472573839662447	0.989972281273887	0.391631389504992	0.967389420544696	237	216
"X572A-4x400_inference.xml"	0.238896495062645	0.501901140684411	0.989972281273887	0.3853490082154	0.967389420544696	526	470
"Y48A-4x1_inference.xml"	0.239022698353994	0.497663551401869	0.989972281273887	0.437407237597558	0.968782919435044	428	390
"Y87-8x1_inference.xml"	0.239305219873169	0.500978473581213	0.989972281273887	0.190186478358019	0.927404175584542	511	471
"A277-3x102_inference.xml"	0.24104056626788	0.528619528619529	0.989972281273887	0.30952278807471	0.967389420544696	594	549
"X435-1x402_inference.xml"	0.241578036428549	0.544052863436123	0.989972281273887	0.517756254467608	0.988335357989696	454	419
"Y10-7x1_inference.xml"	0.241929405523413	0.513853904282116	0.989972281273887	0.496635023950899	0.98806696329283	397	354
"Z251-1x1_inference.xml"	0.242076288453053	0.555023923444976	0.989972281273887	0.481475516194334	0.982475847743477	418	384
"X421-1x402_inference.xml"	0.243335039863333	0.454022988505747	0.989972281273887	0.500632582741948	0.988335357989696	348	324
"B753-2x2_inference.xml"	0.243741737212727	0.491279069767442	0.989972281273887	0.38083704770177	0.967389420544696	344	295
"Y232-4x1_inference.xml"	0.244018863596817	0.509846827133479	0.989972281273887	0.47872240341735	0.982475847743477	457	407
"A252-3x102_inference.xml"	0.244814136559365	0.559819413092551	0.989972281273887	0.483216234113579	0.982475847743477	443	403
"X450-1x402_inference.xml"	0.245606863861288	0.556053811659193	0.989972281273887	0.511962999543608	0.988335357989696	223	206
"Y75-2x1_inference.xml"	0.245871378553746	0.508438818565401	0.989972281273887	0.168371010544615	0.927404175584542	474	434
"Y50G-6x1_inference.xml"	0.246088140713645	0.540816326530612	0.989972281273887	0.351167140671996	0.967389420544696	392	356
"Y84-1x1_inference.xml"	0.246338596233779	0.492957746478873	0.989972281273887	0.128902309053213	0.923585338981007	426	383
"Y63-5x1_inference.xml"	0.247743534291063	0.510928961748634	0.989972281273887	0.525606156440205	0.988335357989696	366	340
"A280-2x102_inference.xml"	0.24903296538534	0.460966542750929	0.989972281273887	0.273803278187995	0.967389420544696	269	261
"X439-1x402_inference.xml"	0.24972291671366	0.527638190954774	0.989972281273887	0.0742903318356579	0.861077323794592	199	185
"X458-1x402_inference.xml"	0.249793645554381	0.461187214611872	0.989972281273887	0.244864264659596	0.967389420544696	219	204
"Y55-4x1_inference.xml"	0.252601427905564	0.501035196687371	0.989972281273887	0.262856933679572	0.967389420544696	483	438
"Z88-4x1_inference.xml"	0.258772169945061	0.541202672605791	0.989972281273887	0.0147597915271966	0.799418879304032	449	417
"A37-3x102_inference.xml"	0.260015716439781	0.52	0.989972281273887	0.44519453354262	0.973863042124481	450	413
"Y202-1x1_inference.xml"	0.261928307368228	0.504484304932735	0.989972281273887	0.361544364601636	0.967389420544696	446	410
"X3-6_tillerx402_inference.xml"	0.262492728396342	0.462441314553991	0.989972281273887	0.467261254756483	0.981213502546689	426	392
"A222-2x102_inference.xml"	0.263405396753012	0.465116279069767	0.989972281273887	0.413106032998244	0.967389420544696	473	443
"A28-7x102_inference.xml"	0.263431001407139	0.48711943793911	0.989972281273887	0.348328984784492	0.967389420544696	427	403
"X486-1x402_inference.xml"	0.263980348623918	0.53411306042885	0.989972281273887	0.509012161905184	0.988335357989696	513	482
"Y200-3x1_inference.xml"	0.264320843527367	0.467181467181467	0.989972281273887	0.549738116439402	0.988335357989696	518	475
"Y276-3x1_inference.xml"	0.26456008474015	0.504424778761062	0.989972281273887	0.130725182725816	0.923585338981007	452	409
"X485L-3x402_inference.xml"	0.265794935402465	0.480565371024735	0.989972281273887	0.317331650489321	0.967389420544696	283	269
"Y215-9x1_inference.xml"	0.265804963305486	0.505494505494505	0.989972281273887	0.519051268449541	0.988335357989696	455	408
"X415-1x402_inference.xml"	0.266646176537516	0.542986425339366	0.989972281273887	0.269110847090965	0.967389420544696	221	211
"Y75-5x1_inference.xml"	0.26729251594395	0.508571428571429	0.989972281273887	0.554336938072539	0.988335357989696	525	478
"A227-5x3.xml"	0.270721271703627	0.4957805907173	0.992534119584991	0.540345481186099	0.988335357989696	474	438
"Y51-2x1_inference.xml"	0.271252510212612	0.492857142857143	0.992534119584991	0.438720264944156	0.968782919435044	280	270
"A20-4x102_inference.xml"	0.272458599094651	0.54679802955665	0.992534119584991	0.0101079155315501	0.707554087208507	406	381
"Y67G-1x1_inference.xml"	0.27506052614461	0.529411764705882	0.992534119584991	0.134664072711176	0.923585338981007	408	365
"Y42-5x1_inference.xml"	0.276860096049786	0.508905852417303	0.992534119584991	0.130827238350713	0.923585338981007	393	357
"X475A-1x402_inference.xml"	0.277364111104412	0.52132701421801	0.992534119584991	0.0781406521122572	0.861077323794592	211	193
"A226-6x102_inference.xml"	0.278414754430837	0.491566265060241	0.992534119584991	0.21716325081889	0.942303269466229	415	379
"Y14-2x1_inference.xml"	0.281524308131337	0.478481012658228	0.992534119584991	0.402035970437941	0.967389420544696	395	355
"Y26-4x1_inference.xml"	0.282424714023036	0.497098646034816	0.992534119584991	0.572672371688943	0.988335357989696	517	476
"Z257-2x1_inference.xml"	0.282835891489405	0.476007677543186	0.992534119584991	0.5578935493552	0.988335357989696	521	472
"Y68-2x1_inference.xml"	0.284088910815948	0.529837251356239	0.992534119584991	0.464330492363333	0.981213502546689	553	501
"X460L-1x402_inference.xml"	0.284999082909404	0.496332518337408	0.992534119584991	0.522283096077254	0.988335357989696	409	379
"Y15-5x1_inference.xml"	0.289501154921184	0.525386313465784	0.999961054457117	0.581976543908204	0.988335357989696	453	409
"B571-3x2_inference.xml"	0.290902695072763	0.499047619047619	0.999961054457117	0.542200439559232	0.988335357989696	525	471
"Y43-5x1_inference.xml"	0.294417504578658	0.496503496503497	0.999961054457117	0.570992122278376	0.988335357989696	429	396
"Y206G-2x1_inference.xml"	0.295178878650778	0.501408450704225	0.999961054457117	0.345509161353446	0.967389420544696	355	329
"Y69-3x1_inference.xml"	0.297189275506702	0.502577319587629	0.999961054457117	0.120975973982374	0.923585338981007	388	356
"Y26-1x1_inference.xml"	0.300550092963667	0.508426966292135	0.999961054457117	0.580852443630356	0.988335357989696	356	326
"Y50G-5x1_inference.xml"	0.301314915663984	0.550209205020921	0.999961054457117	0.457305553992872	0.978941552889941	478	438
"X491-5x402_inference.xml"	0.303455059854245	0.517073170731707	0.999961054457117	0.600310602789853	0.988335357989696	410	376
"Y203-2x1_inference.xml"	0.304226125605166	0.529411764705882	0.999961054457117	0.339260874421369	0.967389420544696	272	239
"Y43-4x1_inference.xml"	0.30658649339148	0.536529680365297	0.999961054457117	0.527556649209782	0.988335357989696	438	399
"Y82-7x1_inference.xml"	0.310353667208517	0.511879049676026	0.999961054457117	0.455702631470581	0.978941552889941	463	417
"A221-2x102_inference.xml"	0.311160652280835	0.530259365994236	0.999961054457117	0.611460420740774	0.988335357989696	347	336
"Y289C-7x1_inference.xml"	0.312649212259722	0.506930693069307	0.999961054457117	0.329612945627208	0.967389420544696	505	458
"X490-3x402_inference.xml"	0.314703909004349	0.483516483516484	0.999961054457117	0.573382365181772	0.988335357989696	364	334
"Y88-1x1_inference.xml"	0.315494286186736	0.491400491400491	0.999961054457117	0.166261534716475	0.927404175584542	407	364
"Y19-3x1_inference.xml"	0.316954094954736	0.480565371024735	0.999961054457117	0.162231832104673	0.927404175584542	283	258
"X463A-1x402_inference.xml"	0.317717913962501	0.554016620498615	0.999961054457117	0.405214284604883	0.967389420544696	361	333
"X469A-2x402_inference.xml"	0.317757041738876	0.526690391459075	0.999961054457117	0.475933638691518	0.982475847743477	281	262
"B560-3x2_inference.xml"	0.320652207559863	0.485849056603774	0.999961054457117	0.429034955890171	0.967389420544696	424	378
"Y27-5x1_inference.xml"	0.321530769182175	0.470588235294118	0.999961054457117	0.59152292637353	0.988335357989696	459	418
"X480A-4x402_inference.xml"	0.321870422973431	0.496951219512195	0.999961054457117	0.617403255232232	0.98950996877675	328	297
"Y83-5x1_inference.xml"	0.323211646174405	0.518672199170125	0.999961054457117	0.0955812203364762	0.881954591789371	482	435
"A11-2x102_new_new_inference.xml"	0.323909992896954	0.448979591836735	0.999961054457117	0.471699516510859	0.981213502546689	441	405
"Y43-1x1_inference.xml"	0.32432456743626	0.553615960099751	0.999961054457117	0.599550161100858	0.988335357989696	401	377
"Z230-4x1_inference.xml"	0.32544324635364	0.530864197530864	0.999961054457117	0.495345982017873	0.98806696329283	486	444
"Y201-4x1_inference.xml"	0.327175565202875	0.504132231404959	0.999961054457117	0.0323439967270728	0.861077323794592	363	328
"A21-8x102_inference.xml"	0.32826042854693	0.539877300613497	0.999961054457117	0.335834561592608	0.967389420544696	326	309
"X492-3x402_inference.xml"	0.328508439430852	0.514814814814815	0.999961054457117	0.582368503594735	0.988335357989696	540	491
"A17-2x102_inference.xml"	0.328613586077327	0.515384615384615	0.999961054457117	0.631404710046967	0.98980423555482	260	240
"Y53-6x1_inference.xml"	0.330426909688701	0.495798319327731	0.999961054457117	0.585002587550692	0.988335357989696	476	434
"Y49-1x1_inference.xml"	0.336753517076812	0.540909090909091	0.999961054457117	0.473639273656962	0.981213502546689	440	411
"X427-3x402_inference.xml"	0.337035419220301	0.45398773006135	0.999961054457117	0.320073289624262	0.967389420544696	326	297
"Y53-3x1_inference.xml"	0.34035686218927	0.493716337522442	0.999961054457117	0.0155849693788195	0.799418879304032	557	510
"A11-3x102_new_inference.xml"	0.3419530641403	0.51304347826087	0.999961054457117	0.556241712803006	0.988335357989696	230	217
"X483A-2x402_inference.xml"	0.342160680495657	0.468599033816425	0.999961054457117	0.635500173138517	0.98980423555482	207	190
"Y17-4x1_inference.xml"	0.343879126233371	0.51131221719457	0.999961054457117	0.594190391859667	0.988335357989696	442	402
"Y204-3x1_inference.xml"	0.34563399061303	0.495256166982922	0.999961054457117	0.612767921953612	0.988335357989696	527	479
"Y60A-2x1_inference.xml"	0.349004530568069	0.515294117647059	0.999961054457117	0.653621115625849	0.98980423555482	425	391
"A11-1x102_new_new_inference.xml"	0.352363039734932	0.50597609561753	0.999961054457117	0.644845952643859	0.98980423555482	502	468
"Y39-1x1_inference.xml"	0.355409736448766	0.519021739130435	0.999961054457117	0.187263206512163	0.927404175584542	368	335
"Y44-7x1_inference.xml"	0.356707736848269	0.512562814070352	0.999961054457117	0.423463571677831	0.967389420544696	398	367
"Y50G-2x1_inference.xml"	0.358135578355012	0.517441860465116	0.999961054457117	0.193006910716007	0.927404175584542	516	468
"X440-1x402_inference.xml"	0.359112198954494	0.50210970464135	0.999961054457117	0.634796597300431	0.98980423555482	237	218
"A227-4x3.xml"	0.360493263754585	0.526515151515151	0.999961054457117	0.533643147515889	0.988335357989696	528	488
"Y74-4x1_inference.xml"	0.361715576688792	0.485074626865672	0.999961054457117	0.158197981897154	0.927404175584542	536	483
"B567-3x2_inference.xml"	0.363211771358497	0.526027397260274	0.999961054457117	0.535207424695269	0.988335357989696	365	324
"A20-5x102_inference.xml"	0.366277854833341	0.546067415730337	0.999961054457117	0.541130914861843	0.988335357989696	445	415
"X418-1x402_inference.xml"	0.368224979353649	0.53393665158371	0.999961054457117	0.62548660670757	0.98980423555482	221	210
"A30-4x102_inference.xml"	0.368778182961518	0.485915492957746	0.999961054457117	0.14211624993645	0.927404175584542	426	386
"Y81-4x1_inference.xml"	0.3758177227956	0.494219653179191	0.999961054457117	0.348103962801776	0.967389420544696	346	309
"Z233A-3x1_NEW_inference.xml"	0.37775040444153	0.460916442048518	0.999961054457117	0.342721566620806	0.967389420544696	371	345
"X486-2x402_inference.xml"	0.377996003947316	0.499115044247788	0.999961054457117	0.631759818670799	0.98980423555482	565	517
"Z81-4x1_inference.xml"	0.379971956630296	0.512437810945274	0.999961054457117	0.684943495944088	0.98980423555482	402	372
"A87-1x102_inference.xml"	0.380301202850332	0.535410764872521	0.999961054457117	0.212416618613213	0.942303269466229	353	315
"Z242-2x1_inference.xml"	0.380446996800288	0.529891304347826	0.999961054457117	0.407226373985085	0.967389420544696	368	337
"X468A-2x402_inference.xml"	0.380935566100985	0.509375	0.999961054457117	0.505402196952743	0.988335357989696	320	300
"X460-3x402_inference.xml"	0.382803375899244	0.545081967213115	0.999961054457117	0.218490896495448	0.942303269466229	244	227
"Y25-1x1_inference.xml"	0.383024038886243	0.488986784140969	0.999961054457117	0.669041572716394	0.98980423555482	454	421
"Y51-6x1_inference.xml"	0.38479765051493	0.472916666666667	0.999961054457117	0.543988222865247	0.988335357989696	480	443
"A90-5x102_inference.xml"	0.387567179760502	0.509157509157509	0.999961054457117	0.697765740035897	0.98980423555482	273	242
"Y50G-4x1_inference.xml"	0.391464433569597	0.473039215686274	0.999961054457117	0.698182364643703	0.98980423555482	408	368
"Y203-1x1_inference.xml"	0.392755442860018	0.524752475247525	0.999961054457117	0.55611557614457	0.988335357989696	505	453
"Y201-3x1_inference.xml"	0.39619708998454	0.515513126491647	0.999961054457117	0.705817304351186	0.98980423555482	419	381
"Y54-3x1.xml"	0.400564693706644	0.496240601503759	0.999961054457117	0.621804993503123	0.98980423555482	133	119
"A38-2x102_inference.xml"	0.402742201687932	0.533512064343164	0.999961054457117	0.635342979117026	0.98980423555482	373	357
"X418-3x402_inference.xml"	0.402839776766414	0.541832669322709	0.999961054457117	0.665810443129682	0.98980423555482	251	227
"A225-4x102_inference.xml"	0.40369275937566	0.537344398340249	0.999961054457117	0.07188184815755	0.861077323794592	482	448
"Y18-4x1_inference.xml"	0.404942817970609	0.507399577167019	0.999961054457117	0.705747711559622	0.98980423555482	473	430
"A221-1x102_inference.xml"	0.404950160046754	0.496907216494845	0.999961054457117	0.715939327811504	0.98980423555482	485	468
"A36-2x102_inference.xml"	0.405999795752653	0.524904214559387	0.999961054457117	0.0500784599746836	0.861077323794592	261	245
"Z205-3x1_inference.xml"	0.406797579853737	0.538	0.999961054457117	0.638500176964669	0.98980423555482	500	463
"Y16-5x1_inference.xml"	0.408305214943235	0.496868475991649	0.999961054457117	0.167933144468196	0.927404175584542	479	437
"Y55-1x1_inference.xml"	0.408684914802193	0.492248062015504	0.999961054457117	0.56384014430006	0.988335357989696	258	230
"X459L-1x402_inference.xml"	0.409764771521957	0.586206896551724	0.999961054457117	0.672706543047775	0.98980423555482	261	242
"Z82-1x1_NEW_inference.xml"	0.410746149619675	0.487179487179487	0.999961054457117	0.662672884721001	0.98980423555482	351	336
"Y203-3x1_inference.xml"	0.411381541309794	0.496314496314496	0.999961054457117	0.522397220106303	0.988335357989696	407	370
"A19-1x102_inference.xml"	0.414812375914398	0.51171875	0.999961054457117	0.725585380379136	0.98980423555482	256	235
"Y223-1x1.xml"	0.416468059597558	0.501222493887531	0.999961054457117	0.550023221207694	0.988335357989696	409	369
"Y59-2x1_inference.xml"	0.416488381692471	0.494623655913978	0.999961054457117	0.728150923653829	0.98980423555482	465	423
"X441-3x402_inference.xml"	0.416729465198117	0.490131578947368	0.999961054457117	0.305528251767124	0.967389420544696	304	288
"A219-3x102_inference.xml"	0.417150595433867	0.493783303730018	0.999961054457117	0.15129881765805	0.927404175584542	563	515
"Y17-3x1_inference.xml"	0.417336606489751	0.494186046511628	0.999961054457117	0.727083711813049	0.98980423555482	516	473
"X489-3x402_inference.xml"	0.419004990784519	0.475638051044084	0.999961054457117	0.682872962755047	0.98980423555482	431	392
"Y76-5x1_inference.xml"	0.421332687991014	0.497237569060773	0.999961054457117	0.686019538833963	0.98980423555482	543	498
"X450-2x402_inference.xml"	0.42143436772924	0.449438202247191	0.999961054457117	0.655422906037925	0.98980423555482	356	328
"X466-4x402_inference.xml"	0.424108245999437	0.493670886075949	0.999961054457117	0.514355209400696	0.988335357989696	237	219
"Y66-2x1_inference.xml"	0.424617554067495	0.504761904761905	0.999961054457117	0.681548197280177	0.98980423555482	525	483
"Y39-3ax1_inference.xml"	0.424745855934867	0.497881355932203	0.999961054457117	0.736509362030545	0.995282921662898	472	433
"Y26-5x1_inference.xml"	0.425319996688322	0.482758620689655	0.999961054457117	0.657713775555366	0.98980423555482	435	394
"A32-5x102_inference.xml"	0.425539963281022	0.486746987951807	0.999961054457117	0.601622334618611	0.988335357989696	415	378
"A24-4x102_inference.xml"	0.426085178840162	0.473469387755102	0.999961054457117	0.738197180181319	0.995383226693971	245	225
"B540-3x2_inference.xml"	0.426682214417653	0.505	0.999961054457117	0.721847189129551	0.98980423555482	400	355
"A36-1x102_inference.xml"	0.428425699904606	0.543668122270742	0.999961054457117	0.713499944664831	0.98980423555482	458	428
"A220-5x102_inference.xml"	0.429629311708682	0.525	0.999961054457117	0.423718743173287	0.967389420544696	520	471
"Y40-5x1_inference.xml"	0.430775955644586	0.55	0.999961054457117	0.604330034011931	0.988335357989696	480	443
"X421-4x402_inference.xml"	0.431546791947994	0.480916030534351	0.999961054457117	0.401415473884834	0.967389420544696	262	244
"Y75-6x1_inference.xml"	0.431887133871928	0.508982035928144	0.999961054457117	0.293646933615912	0.967389420544696	501	463
"Y81-6x1_inference.xml"	0.432351335425628	0.512244897959184	0.999961054457117	0.657026902678851	0.98980423555482	490	441
"Y56-2x1_inference.xml"	0.433595110911029	0.517060367454068	0.999961054457117	0.742793330107082	0.99608300972214	381	341
"Y19-2x1_inference.xml"	0.43361623407482	0.514450867052023	0.999961054457117	0.637600762485708	0.98980423555482	346	307
"A15-3x102_inference.xml"	0.434720454486573	0.524625267665953	0.999961054457117	0.320318758910672	0.967389420544696	467	413
"Y40-3x1_inference.xml"	0.439659702238058	0.518159806295399	0.999961054457117	0.109247441607486	0.921363965364336	413	382
"Y285A-4x1_inference.xml"	0.44089070793564	0.486682808716707	0.999961054457117	0.311702697922479	0.967389420544696	413	376
"Y51-4x1_inference.xml"	0.444513152093749	0.524173027989822	0.999961054457117	0.750766598681285	0.997223186104174	393	352
"B777A-2x2_inference.xml"	0.446986958443789	0.543283582089552	0.999961054457117	0.757434953151982	0.997593104255922	335	293
"Y232-6x1_inference.xml"	0.447170251423335	0.485549132947977	0.999961054457117	0.255048811917551	0.967389420544696	346	314
"Y34-3x1_inference.xml"	0.452448925848764	0.501006036217304	0.999961054457117	0.542658743474409	0.988335357989696	497	445
"A87-2x102_inference.xml"	0.452707252475385	0.495689655172414	0.999961054457117	0.449280625417703	0.978941552889941	464	430
"Y14-6x1_inference.xml"	0.452904711747205	0.476426799007444	0.999961054457117	0.068348308156916	0.861077323794592	403	361
"Y64-3x1_inference.xml"	0.454788168435753	0.492407809110629	0.999961054457117	0.539450808601524	0.988335357989696	461	421
"X434-3x402_inference.xml"	0.454980544475365	0.445993031358885	0.999961054457117	0.760542010650522	0.997593104255922	287	260
"Y84-2x1_inference.xml"	0.4553017821177	0.520798668885191	0.999961054457117	0.750475264188061	0.997223186104174	601	537
"Y71-6x1_inference.xml"	0.457239270539129	0.486784140969163	0.999961054457117	0.59794831869395	0.988335357989696	454	414
"X421-5x402_inference.xml"	0.458737449913569	0.478991596638655	0.999961054457117	0.588867262755767	0.988335357989696	238	225
"Z81-3x1_inference.xml"	0.460635953195731	0.508951406649616	0.999961054457117	0.7278831916246	0.98980423555482	391	358
"Z240A-2x1_inference.xml"	0.460932460547463	0.544987146529563	0.999961054457117	0.587607326117237	0.988335357989696	389	360
"A31-2x102_inference.xml"	0.461232318763906	0.493606138107417	0.999961054457117	0.742049879663325	0.99608300972214	391	348
"Y84-4x1_inference.xml"	0.463044645468663	0.496420047732697	0.999961054457117	0.426394535903906	0.967389420544696	419	381
"Y223-3x1_inference.xml"	0.465077311805165	0.549234135667396	0.999961054457117	0.554592165182592	0.988335357989696	457	418
"Y34-1x1_inference.xml"	0.470756608892971	0.527196652719665	0.999961054457117	0.252819162198214	0.967389420544696	478	432
"X462A-1x402_inference.xml"	0.471731339037291	0.485477178423237	0.999961054457117	0.604076716953348	0.988335357989696	241	220
"X458-2-3x402.xml"	0.473706690133899	0.479166666666667	0.999961054457117	0.0381172534423041	0.861077323794592	48	45
"B569-2x2_inference.xml"	0.481432123756417	0.469973890339426	0.999961054457117	0.616233785160443	0.98950996877675	383	351
"Y44-6x1_inference.xml"	0.482453445254141	0.522177419354839	0.999961054457117	0.632371384450874	0.98980423555482	496	452
"B776A-4x2.xml"	0.482698252359819	0.47741935483871	0.999961054457117	0.18142090008169	0.927404175584542	155	134
"Y14-1x1_inference.xml"	0.486244660269322	0.473233404710921	0.999961054457117	0.0881997775944586	0.861077323794592	467	436
"Y86G-2x1.xml"	0.488181172303373	0.467326732673267	0.999961054457117	0.435604874916251	0.968782919435044	505	460
"Y58-1x1_inference.xml"	0.489966834105401	0.5	0.999961054457117	0.697799870019616	0.98980423555482	554	495
"Y87-2x1_inference.xml"	0.493287043970533	0.525987525987526	0.999961054457117	0.797412590529385	0.997593104255922	481	434
"Y85-4x1.xml"	0.496214989788753	0.48989898989899	0.999961054457117	0.797949492800066	0.997593104255922	198	173
"Y206-4x1_inference.xml"	0.496250460418952	0.505133470225873	0.999961054457117	0.783819449122306	0.997593104255922	487	440
"Y26-3x1_inference.xml"	0.501720791712549	0.49702380952381	0.999961054457117	0.706427255843186	0.98980423555482	336	306
"A227-1x102_inference.xml"	0.502107979678515	0.5	0.999961054457117	0.779390464433598	0.997593104255922	472	432
"Y14-5x1_inference.xml"	0.502919864538922	0.483974358974359	0.999961054457117	0.373846116816276	0.967389420544696	312	286
"Y52-1x1_inference.xml"	0.507656225625789	0.484326018808777	0.999961054457117	0.759471903084753	0.997593104255922	638	589
"A30-1x102_inference.xml"	0.509189103013049	0.466083150984683	0.999961054457117	0.611644075152122	0.988335357989696	457	422
"X417L-1x402_inference.xml"	0.511415132214512	0.472906403940887	0.999961054457117	0.343142374521726	0.967389420544696	203	192
"Y73-4x1_inference.xml"	0.512617307783188	0.503370786516854	0.999961054457117	0.232945768867066	0.967389420544696	445	410
"Y35-3x1_inference.xml"	0.513713638416603	0.474698795180723	0.999961054457117	0.424648799817174	0.967389420544696	415	375
"X456L-1x402_inference.xml"	0.515916216029087	0.511705685618729	0.999961054457117	0.714016222794267	0.98980423555482	299	283
"B776A-2x2_inference.xml"	0.516175082439526	0.5	0.999961054457117	0.201379192412643	0.927404175584542	352	304
"Y41B-5x1_inference.xml"	0.516460830149886	0.528662420382166	0.999961054457117	0.712477605137234	0.98980423555482	471	438
"X466-5x402_inference.xml"	0.517364939366938	0.51010101010101	0.999961054457117	0.304216558341696	0.967389420544696	198	190
"X459-2x402_inference.xml"	0.517761596245843	0.547770700636943	0.999961054457117	0.486657320995944	0.984566834384857	314	292
"X417-3x402_inference.xml"	0.518472325962864	0.52734375	0.999961054457117	0.818599737008893	0.997593104255922	256	239
"Y56-3x1_inference.xml"	0.519283238795208	0.506986027944112	0.999961054457117	0.809769007742099	0.997593104255922	501	459
"Y20-3x1_inference.xml"	0.521107389854377	0.52060737527115	0.999961054457117	0.356362050951572	0.967389420544696	461	425
"A228-6x3.xml"	0.530209390097289	0.4375	0.999961054457117	0.371641187209429	0.967389420544696	176	165
"Y89-6x1_inference.xml"	0.530270302772191	0.5146771037182	0.999961054457117	0.0698998044817876	0.861077323794592	511	469
"Y49G-1x1_inference.xml"	0.531936328450138	0.485333333333333	0.999961054457117	0.601450803899667	0.988335357989696	375	344
"Y49-3x1_inference.xml"	0.533199538434446	0.527845036319613	0.999961054457117	0.781986865458492	0.997593104255922	413	388
"A220-2x102_inference.xml"	0.536624972448562	0.543973941368078	0.999961054457117	0.771874115123875	0.997593104255922	307	287
"Y87-4x1_inference.xml"	0.539186153742159	0.552212389380531	0.999961054457117	0.651299977812556	0.98980423555482	565	518
"Y25-5x1_inference.xml"	0.540858737674255	0.528650646950092	0.999961054457117	0.787195795945726	0.997593104255922	541	497
"X433-2x402_inference.xml"	0.541407444216536	0.559902200488998	0.999961054457117	0.596310604146674	0.988335357989696	409	382
"Y76-1x1_inference.xml"	0.543019677183306	0.502392344497608	0.999961054457117	0.430526364383623	0.967389420544696	418	379
"A228-7x102.xml"	0.545173988746419	0.556603773584906	0.999961054457117	0.562456707808809	0.988335357989696	212	190
"Y58-4x1_inference.xml"	0.545641129142665	0.503676470588235	0.999961054457117	0.299750471143587	0.967389420544696	544	502
"Y80-5x1_inference.xml"	0.548143589690165	0.512871287128713	0.999961054457117	0.811984461809473	0.997593104255922	505	460
"Y63-3x1_inference.xml"	0.549260594980272	0.517241379310345	0.999961054457117	0.831543215120452	0.997593104255922	435	395
"X445-1x402_inference.xml"	0.550835882082289	0.497058823529412	0.999961054457117	0.840542937603815	0.997593104255922	340	310
"Y20-2x1_inference.xml"	0.551161546056403	0.523809523809524	0.999961054457117	0.293643991129636	0.967389420544696	378	344
"A15-2x102_inference.xml"	0.553867316053851	0.563380281690141	0.999961054457117	0.315583857623829	0.967389420544696	497	447
"X427L-1x402_inference.xml"	0.557411015658233	0.496296296296296	0.999961054457117	0.00995292306011112	0.707554087208507	270	249
"Y82-8x1_inference.xml"	0.558916598651048	0.547337278106509	0.999961054457117	0.362316952609286	0.967389420544696	338	311
"A36-5x102_inference.xml"	0.560222035565853	0.519900497512438	0.999961054457117	0.528569821954986	0.988335357989696	402	378
"X483A-1x400_inference.xml"	0.560959049293738	0.541666666666667	0.999961054457117	0.72568134323509	0.98980423555482	360	335
"X494-2x402_inference.xml"	0.561170556708301	0.507042253521127	0.999961054457117	0.302975454704563	0.967389420544696	355	332
"Y37-6x1_inference.xml"	0.562291211385582	0.54978354978355	0.999961054457117	0.602451095745533	0.988335357989696	462	418
"X429-2x402_inference.xml"	0.563015030279566	0.47972972972973	0.999961054457117	0.746487218556803	0.997223186104174	148	137
"Y232-2x1_inference.xml"	0.563553116706911	0.486842105263158	0.999961054457117	0.768961031347076	0.997593104255922	380	344
"Y24-1x1.xml"	0.563922060023575	0.481037924151697	0.999961054457117	0.642907255918582	0.98980423555482	501	453
"Y17-1x1_inference.xml"	0.564439756052522	0.53388090349076	0.999961054457117	0.597903100391097	0.988335357989696	487	443
"X4-1x402_inference.xml"	0.569648250789522	0.488805970149254	0.999961054457117	0.317088010471824	0.967389420544696	268	249
"Y74-2x1_inference.xml"	0.569657281226333	0.533613445378151	0.999961054457117	0.355584222507296	0.967389420544696	476	442
"X490-5x402_inference.xml"	0.569800737259913	0.502127659574468	0.999961054457117	0.694362335848734	0.98980423555482	470	433
"A282-3x102_inference.xml"	0.571154893278246	0.529535864978903	0.999961054457117	0.64875521954411	0.98980423555482	474	429
"Y89-3x1_inference.xml"	0.571653225427588	0.485549132947977	0.999961054457117	0.856633353835377	0.997593104255922	519	467
"Y72-1x1_inference.xml"	0.574104540981929	0.480651731160896	0.999961054457117	0.159509384293431	0.927404175584542	491	446
"Y24-2x1_inference.xml"	0.574528776508548	0.475247524752475	0.999961054457117	0.852772365300334	0.997593104255922	505	456
"B538-2x2_inference.xml"	0.574868102946103	0.501010101010101	0.999961054457117	0.0837119444764568	0.861077323794592	495	457
"Y11-5x1_inference.xml"	0.575608568396736	0.505813953488372	0.999961054457117	0.708973182335797	0.98980423555482	516	460
"Y55-2x1_inference.xml"	0.578230528035182	0.609808102345416	0.999961054457117	0.70539254073384	0.98980423555482	469	433
"A14-5x102_inference.xml"	0.579721922359104	0.449579831932773	0.999961054457117	0.377654130858695	0.967389420544696	238	220
"X432-2x402_inference.xml"	0.580553422096579	0.496644295302013	0.999961054457117	0.0771980451023263	0.861077323794592	149	145
"A35-7x102_inference.xml"	0.580782394868013	0.531598513011152	0.999961054457117	0.552269848806444	0.988335357989696	269	260
"A15-4x102_inference.xml"	0.580795194858987	0.53954802259887	0.999961054457117	0.21942204703285	0.942303269466229	354	322
"Y73-1x1_inference.xml"	0.58126550750295	0.496575342465753	0.999961054457117	0.864559324717936	0.997593104255922	292	265
"Y67-1x1_inference.xml"	0.581728644849457	0.504807692307692	0.999961054457117	0.495723598051621	0.98806696329283	416	369
"Y38-1x1_inference.xml"	0.582052350791328	0.564315352697095	0.999961054457117	0.863522606992936	0.997593104255922	482	437
"Z234A-1x1_NEW_inference.xml"	0.58217726036677	0.506596306068602	0.999961054457117	0.810241301440223	0.997593104255922	379	348
"B756-2x2_inference.xml"	0.582962454891973	0.511574074074074	0.999961054457117	0.783102005955115	0.997593104255922	432	390
"X433-5x402_inference.xml"	0.583883753560044	0.548523206751055	0.999961054457117	0.849060352576687	0.997593104255922	237	216
"Y69-4x1_inference.xml"	0.584295798530774	0.477751756440281	0.999961054457117	0.466160232714539	0.981213502546689	427	402
"Y47-3x1_inference.xml"	0.585074274097705	0.501937984496124	0.999961054457117	0.528202983152105	0.988335357989696	516	477
"X442-2x402_inference.xml"	0.587139497456529	0.454237288135593	0.999961054457117	0.850441659567537	0.997593104255922	295	274
"B538-3x2_inference.xml"	0.587239064785611	0.510416666666667	0.999961054457117	0.282048879699653	0.967389420544696	288	255
"B776A-1x2.xml"	0.587580715289462	0.5	0.999961054457117	0.436456920305653	0.968782919435044	16	12
"X474-1x402_inference.xml"	0.588512245994588	0.461165048543689	0.999961054457117	0.387408476376545	0.967389420544696	206	186
"Y54-1x1_inference.xml"	0.593270390122975	0.501176470588235	0.999961054457117	0.860465333074513	0.997593104255922	425	387
"Y74-5x1_inference.xml"	0.594277993442642	0.54726368159204	0.999961054457117	0.677923082306264	0.98980423555482	201	188
"Y71-5x1_inference.xml"	0.596959833913356	0.513227513227513	0.999961054457117	0.837838317074837	0.997593104255922	378	353
"A29-3x102_inference.xml"	0.597510800962087	0.506469500924214	0.999961054457117	0.632063955861744	0.98980423555482	541	492
"Y26-2x1_inference.xml"	0.601719008838687	0.507186858316222	0.999961054457117	0.604528553274569	0.988335357989696	487	433
"Y76-6x1_inference.xml"	0.602267006815544	0.507795100222717	0.999961054457117	0.875618039982059	0.997593104255922	449	406
"Y89-8x1_inference.xml"	0.604559972962631	0.507512520868113	0.999961054457117	0.333328678641493	0.967389420544696	599	535
"Y32-3x1_inference.xml"	0.606321441684977	0.543290043290043	0.999961054457117	0.857528220672025	0.997593104255922	462	424
"Z264-2x1_inference.xml"	0.606467526582872	0.521628498727735	0.999961054457117	0.470488239683659	0.981213502546689	393	363
"Y27-4x1_inference.xml"	0.606704266820955	0.46417445482866	0.999961054457117	0.77835730976883	0.997593104255922	321	294
"Y11-1x1_inference.xml"	0.606722224516684	0.495164410058027	0.999961054457117	0.683040995821796	0.98980423555482	517	464
"Z81-6x1_NEW_inference.xml"	0.607003860353239	0.517587939698492	0.999961054457117	0.264505215707813	0.967389420544696	398	371
"X451A-5x402_inference.xml"	0.611212979865103	0.511029411764706	0.999961054457117	0.840870609719847	0.997593104255922	272	252
"Z205-7_1x1_inference.xml"	0.615621197801552	0.484210526315789	0.999961054457117	0.47168313427979	0.981213502546689	285	257
"Y40-1x1_inference.xml"	0.617675895287035	0.478935698447894	0.999961054457117	0.883176738185747	0.997593104255922	451	416
"X435L-2x402_inference.xml"	0.619415321487879	0.466165413533835	0.999961054457117	0.86804787820348	0.997593104255922	266	242
"Y46-3x1_inference.xml"	0.621579591454671	0.547663551401869	0.999961054457117	0.464070050248816	0.981213502546689	535	487
"Y20-4x1_inference.xml"	0.621996842960983	0.461346633416459	0.999961054457117	0.819017447802277	0.997593104255922	401	360
"A22-4x102_inference.xml"	0.622157284655781	0.549342105263158	0.999961054457117	0.676263630490579	0.98980423555482	304	278
"B563-2x2_inference.xml"	0.622198063266966	0.52723311546841	0.999961054457117	0.86470684072393	0.997593104255922	459	410
"A29-5x102_inference.xml"	0.623695458562721	0.542857142857143	0.999961054457117	0.884802863404921	0.997593104255922	385	349
"Y47-5x1_inference.xml"	0.62556936972934	0.540581929555896	0.999961054457117	0.86093470790331	0.997593104255922	653	602
"X415L-1x402_inference.xml"	0.627339177793835	0.511363636363636	0.999961054457117	0.351713001669885	0.967389420544696	264	242
"Y86-2x1.xml"	0.629752841281803	0.495594713656388	0.999961054457117	0.606084646280783	0.988335357989696	454	418
"Y71-4x1_inference.xml"	0.63128144230915	0.466257668711656	0.999961054457117	0.469675895722063	0.981213502546689	489	449
"A228-3x102.xml"	0.631483354069528	0.475609756097561	0.999961054457117	0.870833605158691	0.997593104255922	328	299
"Y39-3bx1_inference.xml"	0.631875894873191	0.502747252747253	0.999961054457117	0.691314733008333	0.98980423555482	364	321
"Y87-6x1_inference.xml"	0.635021184206989	0.539094650205761	0.999961054457117	0.292324986322889	0.967389420544696	486	446
"A226-5x102_inference.xml"	0.635047965614964	0.52020202020202	0.999961054457117	0.897802250275962	0.997593104255922	396	360
"Y48A-3x1_inference.xml"	0.637606550067801	0.517520215633423	0.999961054457117	0.194062553932163	0.927404175584542	371	339
"X478A-2x402_inference.xml"	0.638297020518126	0.451882845188285	0.999961054457117	0.215291009168197	0.942303269466229	239	215
"Y53-5x1_inference.xml"	0.638914269816433	0.521153846153846	0.999961054457117	0.303063816575609	0.967389420544696	520	470
"Y51-1x1_inference.xml"	0.639403305674077	0.533333333333333	0.999961054457117	0.50320197536796	0.988335357989696	555	503
"B538-5x2_inference.xml"	0.640716202333166	0.474226804123711	0.999961054457117	0.707259563601555	0.98980423555482	388	348
"B575A-4x2_inference.xml"	0.641097189977212	0.549199084668192	0.999961054457117	0.899481692166607	0.997593104255922	437	382
"Y18-5x1_inference.xml"	0.641813591786566	0.526427061310782	0.999961054457117	0.694794894828997	0.98980423555482	473	431
"Y46-6x1_inference.xml"	0.642754036377715	0.523232323232323	0.999961054457117	0.721499404621547	0.98980423555482	495	448
"X498L-2x403_inference.xml"	0.644686044499004	0.549382716049383	0.999961054457117	0.123784043844795	0.923585338981007	486	448
"B778B-2x2_inference.xml"	0.644697170260935	0.509708737864078	0.999961054457117	0.0251145822313492	0.837152741044972	206	176
"Y47-2x1_inference.xml"	0.647701445900158	0.501170960187354	0.999961054457117	0.401209224540076	0.967389420544696	427	392
"Z240A-7x1_inference.xml"	0.650022200896082	0.480337078651685	0.999961054457117	0.843020198107222	0.997593104255922	356	335
"Y50G-1x1_inference.xml"	0.650145649250231	0.526315789473684	0.999961054457117	0.265542378159192	0.967389420544696	418	381
"B575B-4x2_inference.xml"	0.651767630629972	0.495192307692308	0.999961054457117	0.88888262086668	0.997593104255922	416	369
"Z80-2x1_NEW_inference.xml"	0.653386893143203	0.543859649122807	0.999961054457117	0.905801505126154	0.997593104255922	456	421
"Y24-3x1_inference.xml"	0.65350950385829	0.495107632093933	0.999961054457117	0.68549027960943	0.98980423555482	511	461
"B590-2x2_inference.xml"	0.654184043874242	0.528205128205128	0.999961054457117	0.145846674804802	0.927404175584542	390	349
"Y89-7x1_inference.xml"	0.654295331469351	0.537914691943128	0.999961054457117	0.0928437742244806	0.878251918339682	422	387
"Y231-4x1_inference.xml"	0.656886184327244	0.512621359223301	0.999961054457117	0.892497996865699	0.997593104255922	515	465
"X460-2x402_inference.xml"	0.657169444927158	0.51006711409396	0.999961054457117	0.18140569691682	0.927404175584542	447	411
"Y48A-5x1_inference.xml"	0.657838973554714	0.535238095238095	0.999961054457117	0.52552648955607	0.988335357989696	525	479
"A32-4x102_inference.xml"	0.658466709210098	0.47198275862069	0.999961054457117	0.326250470865581	0.967389420544696	464	424
"Z81-1x1_inference.xml"	0.659786050664771	0.511428571428571	0.999961054457117	0.0557191515330148	0.861077323794592	350	317
"Y19-4x1_inference.xml"	0.667806279503044	0.468627450980392	0.999961054457117	0.913693323786811	0.997593104255922	510	465
"Y331AL-6x1_inference.xml"	0.668410531819365	0.514666666666667	0.999961054457117	0.91591698405932	0.997593104255922	375	348
"X463A-2x402_inference.xml"	0.668670968043154	0.496031746031746	0.999961054457117	0.719462857627212	0.98980423555482	504	472
"Y37-4x1_inference.xml"	0.66978184572198	0.482222222222222	0.999961054457117	0.283931188659665	0.967389420544696	450	413
"B711-2x2_inference.xml"	0.670539839365531	0.506203473945409	0.999961054457117	0.31118023427504	0.967389420544696	403	366
"B540-2x2_inference.xml"	0.670847807463112	0.504531722054381	0.999961054457117	0.617736937650629	0.98950996877675	331	293
"X454L-1x402_inference.xml"	0.67697422638053	0.546875	0.999961054457117	0.920212297379779	0.997593104255922	192	180
"A18-2x102_inference.xml"	0.677472123475249	0.469248291571754	0.999961054457117	0.331124493925203	0.967389420544696	439	408
"Y89-2x1_inference.xml"	0.677630709512061	0.497967479674797	0.999961054457117	0.0224116400496144	0.825692001827898	492	440
"A16-4x102_inference.xml"	0.679909735057335	0.503105590062112	0.999961054457117	0.777472561689084	0.997593104255922	322	307
"X439-3x402_inference.xml"	0.682157121010747	0.531847133757962	0.999961054457117	0.587486451555839	0.988335357989696	314	293
"X462A-3x402_inference.xml"	0.682615579989021	0.496503496503497	0.999961054457117	0.682867690183224	0.98980423555482	286	262
"A40-6x102_inference.xml"	0.683547173400504	0.532423208191126	0.999961054457117	0.396777332491847	0.967389420544696	293	269
"Y46-1x1_inference.xml"	0.685273507760575	0.521850899742931	0.999961054457117	0.753310232863189	0.997593104255922	389	349
"Y72-6x1_inference.xml"	0.685818060549449	0.522788203753351	0.999961054457117	0.715214636785341	0.98980423555482	373	332
"B711-3x2_inference.xml"	0.687756867588855	0.501347708894879	0.999961054457117	0.881938220021396	0.997593104255922	371	328
"A230-4x102_inference.xml"	0.687995928428762	0.486111111111111	0.999961054457117	0.241727581443296	0.967389420544696	216	198
"A219-7x102_inference.xml"	0.691291406729003	0.513994910941476	0.999961054457117	0.781217027410024	0.997593104255922	393	356
"Y86G-1x1.xml"	0.692216143911825	0.506849315068493	0.999961054457117	0.41288237598076	0.967389420544696	511	461
"Y49-_5x1_inference.xml"	0.69230687784542	0.551515151515152	0.999961054457117	0.119890059098579	0.923585338981007	495	448
"Y34-6x1_inference.xml"	0.694945794860582	0.482378854625551	0.999961054457117	0.763906969170106	0.997593104255922	454	403
"X438-4x402_inference.xml"	0.695802378143879	0.505154639175258	0.999961054457117	0.853363839201596	0.997593104255922	291	269
"Y44-5x1_inference.xml"	0.696213484928977	0.503184713375796	0.999961054457117	0.67534137738721	0.98980423555482	471	436
"B560-2x2_inference.xml"	0.699107433307949	0.551068883610451	0.999961054457117	0.0724055431112482	0.861077323794592	421	374
"Y25-6x1_inference.xml"	0.699136719680447	0.533864541832669	0.999961054457117	0.187278097614759	0.927404175584542	502	455
"A87-5x102_inference.xml"	0.699217762609553	0.505586592178771	0.999961054457117	0.808782063150224	0.997593104255922	358	331
"Y82-11x1_inference.xml"	0.699316444851043	0.472972972972973	0.999961054457117	0.16738116675099	0.927404175584542	444	404
"Y86-3x1_rescan_inference.xml"	0.700298948114186	0.537796976241901	0.999961054457117	0.750056125572318	0.997223186104174	463	414
"Z202A-2x1_inference.xml"	0.703215273691701	0.527310924369748	0.999961054457117	0.323752170828977	0.967389420544696	476	434
"A250-2x102_inference.xml"	0.705062085964288	0.525641025641026	0.999961054457117	0.456460030031543	0.978941552889941	312	310
"Z82-2x1_inference.xml"	0.707770951562215	0.535248041775457	0.999961054457117	0.496856530112966	0.98806696329283	383	351
"A225-2x102_inference.xml"	0.708324956039209	0.49620253164557	0.999961054457117	0.518781482555242	0.988335357989696	395	381
"Y82-10x1_inference.xml"	0.710335857877021	0.469135802469136	0.999961054457117	0.671726842229984	0.98980423555482	567	520
"Y58-2x1_inference.xml"	0.71142159971243	0.544554455445545	0.999961054457117	0.280807023711466	0.967389420544696	404	366
"Y88-3x1_inference.xml"	0.716271057360671	0.465875370919881	0.999961054457117	0.93812284824771	0.997593104255922	337	308
"X422-4x402_inference.xml"	0.71717119467173	0.482849604221636	0.999961054457117	0.93912921452364	0.997593104255922	379	348
"Y35-1x1_inference.xml"	0.718892180000379	0.5	0.999961054457117	0.513919572702819	0.988335357989696	458	428
"Y66-6x1_inference.xml"	0.720536992936907	0.501075268817204	0.999961054457117	0.200118823101737	0.927404175584542	465	418
"X420-4x402_inference.xml"	0.721324441642962	0.527638190954774	0.999961054457117	0.275305619761167	0.967389420544696	199	186
"Y19-5x1_inference.xml"	0.721931458503712	0.48780487804878	0.999961054457117	0.869174111722525	0.997593104255922	410	375
"Y32-6x1_inference.xml"	0.723328607219179	0.515486725663717	0.999961054457117	0.913969637600882	0.997593104255922	452	406
"A38-5x102_inference.xml"	0.723592801943616	0.512605042016807	0.999961054457117	0.664980279872932	0.98980423555482	357	319
"Y23-3x1_inference.xml"	0.723751225817947	0.52060737527115	0.999961054457117	0.829114825730444	0.997593104255922	461	421
"Y54-6x1_inference.xml"	0.725043907729022	0.451104100946372	0.999961054457117	0.822956493386457	0.997593104255922	317	290
"Y19-1x1_inference.xml"	0.725525938988589	0.445945945945946	0.999961054457117	0.942181065050778	0.997593104255922	222	195
"A233A-1x102_inference.xml"	0.727349834881875	0.508353221957041	0.999961054457117	0.0298802698818963	0.861077323794592	419	378
"X432-1x402_inference.xml"	0.730435225668757	0.448598130841121	0.999961054457117	0.302882685827259	0.967389420544696	214	199
"Z242x1_inference.xml"	0.731178151883298	0.489583333333333	0.999961054457117	0.937888568215923	0.997593104255922	384	355
"A22-2x102_inference.xml"	0.732112819637469	0.531446540880503	0.999961054457117	0.789765243741143	0.997593104255922	318	298
"X468AL-2x402_inference.xml"	0.732529752841226	0.469798657718121	0.999961054457117	0.928489942334612	0.997593104255922	298	275
"Y81-5x1_inference.xml"	0.736403045541518	0.527301092043682	0.999961054457117	0.120618926610513	0.923585338981007	641	584
"X483A-3x402_inference.xml"	0.736403737015945	0.493273542600897	0.999961054457117	0.583211142989882	0.988335357989696	223	206
"Y48A-1x1_inference.xml"	0.737348345164016	0.517543859649123	0.999961054457117	0.604364442782293	0.988335357989696	342	316
"Y202-7x1_inference.xml"	0.739132219754473	0.52863436123348	0.999961054457117	0.847630682340655	0.997593104255922	454	418
"Y17-2x1_inference.xml"	0.7408471153732	0.485458612975392	0.999961054457117	0.542836873546323	0.988335357989696	447	408
"B755-7x2_inference.xml"	0.745022215750683	0.442270058708415	0.999961054457117	0.858822931008526	0.997593104255922	511	456
"Y82-12x1_inference.xml"	0.745781126302882	0.550724637681159	0.999961054457117	0.940421732242623	0.997593104255922	414	378
"Y42-3x1_inference.xml"	0.746107999103863	0.504065040650406	0.999961054457117	0.950779558403542	0.997593104255922	246	226
"X429-1x402_inference.xml"	0.757593024931976	0.450381679389313	0.999961054457117	0.955253908939441	0.997593104255922	131	127
"Y53-1x1_inference.xml"	0.759736197784269	0.518333333333333	0.999961054457117	0.13589898559292	0.923585338981007	600	544
"Y223-5x1_inference.xml"	0.760923024679183	0.498876404494382	0.999961054457117	0.335679740768084	0.967389420544696	445	404
"Y33-1x1_inference.xml"	0.762095284042261	0.549920760697306	0.999961054457117	0.56076914194119	0.988335357989696	631	571
"Y215-3x1_inference.xml"	0.76267152298429	0.47953216374269	0.999961054457117	0.908987216709562	0.997593104255922	342	319
"X437-3x402_inference.xml"	0.763640985157196	0.553333333333333	0.999961054457117	0.941476188710452	0.997593104255922	150	142
"Y42-6x1_inference.xml"	0.763753255574888	0.510948905109489	0.999961054457117	0.945031937025905	0.997593104255922	411	372
"X445L-3x402_inference.xml"	0.765037969824287	0.489675516224189	0.999961054457117	0.400888945561848	0.967389420544696	339	314
"Y12-1x1_inference.xml"	0.765261891694933	0.520979020979021	0.999961054457117	0.378828212889716	0.967389420544696	286	259
"Y69-6x1_inference.xml"	0.766469845712544	0.50989010989011	0.999961054457117	0.947323254441151	0.997593104255922	455	418
"A223-4x102_inference.xml"	0.768903269558534	0.480633802816901	0.999961054457117	0.414260503637088	0.967389420544696	568	509
"Z88-1x1_inference.xml"	0.769557963960626	0.512747875354108	0.999961054457117	0.181445955951965	0.927404175584542	353	321
"X498-3x402_inference.xml"	0.769737398548255	0.478527607361963	0.999961054457117	0.479158202410873	0.982475847743477	326	301
"Y36-1x1_inference.xml"	0.773404528097677	0.523465703971119	0.999961054457117	0.853585708472385	0.997593104255922	554	504
"A28-1x102_inference.xml"	0.773948628815497	0.507874015748031	0.999961054457117	0.397003910770032	0.967389420544696	508	478
"Y86-1x1_inference.xml"	0.774225649380638	0.53968253968254	0.999961054457117	0.905598941768533	0.997593104255922	504	470
"Y52-2x1_inference.xml"	0.77436443846367	0.50994575045208	0.999961054457117	0.371540444759233	0.967389420544696	553	502
"Y73-2x1_inference.xml"	0.779136398189089	0.478935698447894	0.999961054457117	0.32733966560705	0.967389420544696	451	413
"A40-1x102_inference.xml"	0.780512166663758	0.515901060070671	0.999961054457117	0.739427539829807	0.995383226693971	283	274
"Y19-6x1_inference.xml"	0.781203923733141	0.505720823798627	0.999961054457117	0.508539758166796	0.988335357989696	437	388
"A219-4x102_inference.xml"	0.78309789508421	0.499043977055449	0.999961054457117	0.397377137478333	0.967389420544696	523	482
"Y15-1x1_inference.xml"	0.783325094427068	0.492211838006231	0.999961054457117	0.77917613365217	0.997593104255922	321	290
"B778A-5x2_inference.xml"	0.787555364800435	0.496153846153846	0.999961054457117	0.856036312914944	0.997593104255922	260	234
"Y16-3x1_inference.xml"	0.787745286962911	0.5	0.999961054457117	0.958190401843015	0.997593104255922	442	399
"X442-1x402_inference.xml"	0.788964682229039	0.48512585812357	0.999961054457117	0.512078348656251	0.988335357989696	437	396
"X498-2x402_inference.xml"	0.789598746896103	0.554054054054054	0.999961054457117	0.19264653166579	0.927404175584542	444	411
"Y43-3x1_inference.xml"	0.790572084257394	0.50561797752809	0.999961054457117	0.921695634465291	0.997593104255922	534	494
"Y231-1x1_inference.xml"	0.791198657840712	0.507537688442211	0.999961054457117	0.883158811033077	0.997593104255922	398	373
"A37-5x102_inference.xml"	0.792225201768334	0.524421593830334	0.999961054457117	0.812536506340872	0.997593104255922	389	365
"Y86-5x1_inference.xml"	0.792698630035844	0.487619047619048	0.999961054457117	0.801029123749483	0.997593104255922	525	478
"Y215-6x1_inference.xml"	0.795770281318499	0.5	0.999961054457117	0.0877864228698164	0.861077323794592	378	340
"B575B-2x2_inference.xml"	0.803205027571102	0.493827160493827	0.999961054457117	0.970041886735178	0.997593104255922	405	354
"A33-6x102_inference.xml"	0.803797697649952	0.5	0.999961054457117	0.967623214736065	0.997593104255922	462	426
"A10-4x102_inference.xml"	0.804332340445018	0.558282208588957	0.999961054457117	0.680014819972594	0.98980423555482	163	147
"Y84-6x1_inference.xml"	0.80566648324019	0.505791505791506	0.999961054457117	0.964001433508973	0.997593104255922	518	462
"X494-1x402_inference.xml"	0.806500066542945	0.512987012987013	0.999961054457117	0.885207869051379	0.997593104255922	462	424
"A16-2x102_inference.xml"	0.808497205164983	0.472677595628415	0.999961054457117	0.728213116158189	0.98980423555482	366	346
"Y20-5x1_inference.xml"	0.809817812906365	0.574370709382151	0.999961054457117	0.958457762292212	0.997593104255922	437	401
"Y42-2x1_inference.xml"	0.810816414543812	0.507795100222717	0.999961054457117	0.899698574860757	0.997593104255922	449	406
"Y27-2x1_inference.xml"	0.810987835180119	0.5	0.999961054457117	0.972559367734066	0.997593104255922	418	381
"Y269-2x2.xml"	0.81138070733566	0.512820512820513	0.999961054457117	0.87970050487693	0.997593104255922	429	386
"B777B-3x2.xml"	0.813712807738181	0.569620253164557	0.999961054457117	0.923858842850871	0.997593104255922	79	59
"X415-3x402_inference.xml"	0.814938726606108	0.504761904761905	0.999961054457117	0.748005155160168	0.997223186104174	210	193
"X438-2x402_inference.xml"	0.817212316963035	0.549586776859504	0.999961054457117	0.884053140942054	0.997593104255922	242	224
"Y24-4x1_inference.xml"	0.817785811434929	0.479411764705882	0.999961054457117	0.637403483333075	0.98980423555482	340	313
"Y24-5x1_inference.xml"	0.818489511405472	0.529182879377432	0.999961054457117	0.805566899736973	0.997593104255922	514	457
"A14-3x102_inference.xml"	0.821169879868863	0.485714285714286	0.999961054457117	0.867539097328459	0.997593104255922	280	260
"Y62-1x1_inference.xml"	0.823864789981352	0.521739130434783	0.999961054457117	0.976093692728761	0.997593104255922	483	447
"X445-2x402_inference.xml"	0.824428544738605	0.524137931034483	0.999961054457117	0.872672099051073	0.997593104255922	290	271
"A222-4x102_inference.xml"	0.827892621502465	0.506986027944112	0.999961054457117	0.0410465541093543	0.861077323794592	501	463
"X468A-1x402_inference.xml"	0.82947353776418	0.483552631578947	0.999961054457117	0.847260548219914	0.997593104255922	304	277
"Y201-1x1_inference.xml"	0.830162679776639	0.484848484848485	0.999961054457117	0.810358632154854	0.997593104255922	429	392
"B538-4x2_inference.xml"	0.830500924821132	0.471014492753623	0.999961054457117	0.201346236583805	0.927404175584542	414	371
"Y36-3x1_inference.xml"	0.830571028323453	0.469798657718121	0.999961054457117	0.810675912464557	0.997593104255922	298	275
"X498-4x402_inference.xml"	0.832571573244138	0.447761194029851	0.999961054457117	0.69788094483518	0.98980423555482	201	193
"Y37-3x1_inference.xml"	0.834783914202105	0.524271844660194	0.999961054457117	0.774073437310642	0.997593104255922	309	282
"A37-7x102_inference.xml"	0.835579751407912	0.461988304093567	0.999961054457117	0.687572545198788	0.98980423555482	342	315
"X455-3x402_inference.xml"	0.835998306736205	0.496376811594203	0.999961054457117	0.774231089995824	0.997593104255922	276	264
"X485-5x402_inference.xml"	0.836879037183892	0.5	0.999961054457117	0.971754202195825	0.997593104255922	270	259
"X474-2x402_inference.xml"	0.840600097982147	0.437125748502994	0.999961054457117	0.899698770480508	0.997593104255922	334	307
"X420-3x402_inference.xml"	0.841153047468836	0.449664429530201	0.999961054457117	0.755943696652687	0.997593104255922	149	140
"Y23-2x1_inference.xml"	0.841315326008037	0.544491525423729	0.999961054457117	0.902804566034753	0.997593104255922	472	425
"B576B-1x2_inference.xml"	0.8418325473773	0.474885844748858	0.999961054457117	0.898978313089105	0.997593104255922	438	403
"Y63-7x1_inference.xml"	0.842341097932704	0.510538641686183	0.999961054457117	0.495166194987561	0.98806696329283	427	390
"Y16-6x1_inference.xml"	0.842956874423852	0.503667481662592	0.999961054457117	0.834652533351819	0.997593104255922	409	369
"X457-1x402_inference.xml"	0.845159978755306	0.498516320474777	0.999961054457117	0.328940270027119	0.967389420544696	337	318
"X470-2x402_inference.xml"	0.845493883936416	0.510548523206751	0.999961054457117	0.858627014506915	0.997593104255922	237	217
"X492-2x402_inference.xml"	0.846870376778016	0.480769230769231	0.999961054457117	0.377061226566238	0.967389420544696	520	482
"X480AL-1x402_inference.xml"	0.847563869288386	0.511538461538461	0.999961054457117	0.563556362044745	0.988335357989696	260	241
"Y68-1x1_inference.xml"	0.85014221126251	0.540856031128405	0.999961054457117	0.573124729536915	0.988335357989696	514	462
"Y81-1x1_inference.xml"	0.851520435971065	0.510743801652893	0.999961054457117	0.827738490037779	0.997593104255922	605	543
"Z84-1x1_inference.xml"	0.85161655058613	0.545454545454545	0.999961054457117	0.574229606905324	0.988335357989696	385	355
"A10-7x102_new_inference.xml"	0.852742263326099	0.519788918205805	0.999961054457117	0.686472137871002	0.98980423555482	379	349
"Y34-2x1_inference.xml"	0.858436538613446	0.467961165048544	0.999961054457117	0.211056264699659	0.942303269466229	515	466
"X426-1x402_inference.xml"	0.859218323182177	0.475757575757576	0.999961054457117	0.65471597186268	0.98980423555482	330	308
"X481A-2x402_inference.xml"	0.860760362801767	0.470588235294118	0.999961054457117	0.646918276810898	0.98980423555482	272	250
"Y18-1x1_inference.xml"	0.863762492931196	0.501291989664083	0.999961054457117	0.659567403604714	0.98980423555482	387	359
"Y38-5x1_inference.xml"	0.863902331303515	0.503067484662577	0.999961054457117	0.839682384870722	0.997593104255922	326	297
"X485-3x402_inference.xml"	0.865707631603065	0.50402144772118	0.999961054457117	0.927754280648443	0.997593104255922	373	345
"Y66-3x1_inference.xml"	0.866307369952298	0.546666666666667	0.999961054457117	0.716560572175738	0.98980423555482	450	404
"Y87-3x1_inference.xml"	0.871426637093151	0.499075785582255	0.999961054457117	0.7825380127725	0.997593104255922	541	494
"Y18-2x1_inference.xml"	0.873117614814254	0.5234375	0.999961054457117	0.0634856873988737	0.861077323794592	512	465
"Y55-5x1_inference.xml"	0.873457075538839	0.529292929292929	0.999961054457117	0.707267331360881	0.98980423555482	495	452
"Y80-2x1_inference.xml"	0.874249120466571	0.525597269624573	0.999961054457117	0.520568708212359	0.988335357989696	586	535
"Y85-5x1_inference.xml"	0.876204536818909	0.559701492537313	0.999961054457117	0.80351444674931	0.997593104255922	536	494
"Z202A-4x1_inference.xml"	0.876222109639741	0.495850622406639	0.999961054457117	0.731815597223934	0.992773097009212	482	441
"Y44-1x1_inference.xml"	0.877974145039977	0.54392523364486	0.999961054457117	0.69121149720954	0.98980423555482	535	487
"Y47-1x1_inference.xml"	0.878950569014287	0.494077834179357	0.999961054457117	0.963128537179531	0.997593104255922	591	535
"X486-3x402_inference.xml"	0.883551080158465	0.478696741854637	0.999961054457117	0.871321931890653	0.997593104255922	399	367
"A32-1x102_inference.xml"	0.885318966616815	0.50968992248062	0.999961054457117	0.978419220394425	0.997593104255922	516	476
"Z205-9x1_inference.xml"	0.885926014977977	0.501160092807425	0.999961054457117	0.988971824126678	0.997593104255922	431	402
"Y203-5x1_inference.xml"	0.888114005034658	0.533642691415313	0.999961054457117	0.299688097375399	0.967389420544696	431	387
"Y35-6x1_inference.xml"	0.888135572118188	0.49047619047619	0.999961054457117	0.904657947040372	0.997593104255922	420	387
"X437-1x402_inference.xml"	0.888809906285155	0.491150442477876	0.999961054457117	0.965260228489001	0.997593104255922	226	219
"Y35-2x1_inference.xml"	0.888894156782245	0.501026694045175	0.999961054457117	0.00517709427466277	0.707554087208507	487	437
"Y72-2x1_inference.xml"	0.891110748500517	0.5	0.999961054457117	0.972343157526009	0.997593104255922	448	393
"Y206-1x1_inference.xml"	0.893511117909805	0.512380952380952	0.999961054457117	0.916274478321561	0.997593104255922	525	477
"Y39-4x1_inference.xml"	0.894796635423495	0.505494505494505	0.999961054457117	0.627413589496878	0.98980423555482	455	411
"Y68-6x1_inference.xml"	0.894869085417784	0.485549132947977	0.999961054457117	0.593183110046259	0.988335357989696	346	314
"Y36-2x1_inference.xml"	0.895404874708794	0.484375	0.999961054457117	0.686554685025182	0.98980423555482	448	408
"B575B-1x2_inference.xml"	0.896628641412221	0.511013215859031	0.999961054457117	0.991358995247708	0.997593104255922	454	404
"X466L-2x402.xml"	0.897655526288618	0.563829787234043	0.999961054457117	0.836007275456989	0.997593104255922	94	89
"A237A-3x102_inference.xml"	0.897954789666528	0.490566037735849	0.999961054457117	0.215371828933039	0.942303269466229	318	289
"Y58-3x1_inference.xml"	0.898940446650411	0.518358531317495	0.999961054457117	0.895825052990584	0.997593104255922	463	422
"A228-5x3.xml"	0.900142510327125	0.494475138121547	0.999961054457117	0.542577333088119	0.988335357989696	362	332
"X422-2x402_inference.xml"	0.90059747495003	0.49468085106383	0.999961054457117	0.473785948372544	0.981213502546689	188	184
"X422-1x402_inference.xml"	0.902152031945051	0.515320334261838	0.999961054457117	0.951149022334395	0.997593104255922	359	334
"Z258-1x1_inference.xml"	0.902499695179416	0.522916666666667	0.999961054457117	0.992778437984931	0.997593104255922	480	439
"Y18-3x1_inference.xml"	0.90251050545771	0.516326530612245	0.999961054457117	0.113684164668588	0.923585338981007	490	444
"X451A-4x402_inference.xml"	0.903502754135709	0.443181818181818	0.999961054457117	0.299967533932906	0.967389420544696	176	169
"Y206-2x1_inference.xml"	0.903947352887459	0.546808510638298	0.999961054457117	0.853502917324021	0.997593104255922	470	435
"X475A-5x402_inference.xml"	0.904167804753066	0.511363636363636	0.999961054457117	0.847005045140304	0.997593104255922	264	242
"Y88-4x1_inference.xml"	0.904466649747282	0.530026109660574	0.999961054457117	0.656978389248237	0.98980423555482	383	353
"Y67G-2x1_inference.xml"	0.905613499352923	0.511970534069982	0.999961054457117	0.607867919151078	0.988335357989696	543	500
"X447-1x402_inference.xml"	0.908984597409493	0.5	0.999961054457117	0.775449409144172	0.997593104255922	256	236
"Y34-5x1_inference.xml"	0.911367027360444	0.507905138339921	0.999961054457117	0.950921943872388	0.997593104255922	506	487
"Y47-4x1_inference.xml"	0.91198663896763	0.52723311546841	0.999961054457117	0.91201550343304	0.997593104255922	459	415
"Y66-9x1_inference.xml"	0.9168809798256	0.49492385786802	0.999961054457117	0.598986733569826	0.988335357989696	394	355
"Y46-2x1_inference.xml"	0.918704678911641	0.534334763948498	0.999961054457117	0.956443339625136	0.997593104255922	466	428
"Y76-3x1_inference.xml"	0.919988195112806	0.510121457489879	0.999961054457117	0.549741249479968	0.988335357989696	494	446
"B776B-3x2_inference.xml"	0.921232010476957	0.49469964664311	0.999961054457117	0.418072046790292	0.967389420544696	283	265
"Z88-3x1_inference.xml"	0.921722977088706	0.522522522522523	0.999961054457117	0.390758653666856	0.967389420544696	333	303
"Y42-1x1_inference.xml"	0.922429270050221	0.494172494172494	0.999961054457117	0.734247276106851	0.994145248113724	429	383
"A28-4x102_inference.xml"	0.922546869485546	0.487854251012146	0.999961054457117	0.373171232195979	0.967389420544696	494	449
"B575A-3x2_inference.xml"	0.927685978790772	0.540284360189573	0.999961054457117	0.994943149124103	0.997593104255922	422	368
"Y71-2x1_inference.xml"	0.928226373156521	0.48910411622276	0.999961054457117	0.893900357406693	0.997593104255922	413	373
"Y204-5x1_inference.xml"	0.929596125712507	0.5	0.999961054457117	0.867804985314769	0.997593104255922	364	339
"Y202-9x1_inference.xml"	0.929977431093422	0.461697722567288	0.999961054457117	0.484220239244999	0.982475847743477	483	436
"Y73-3x1_inference.xml"	0.93235104474954	0.529980657640232	0.999961054457117	0.888710033043354	0.997593104255922	517	474
"Y74G-2x1_inference.xml"	0.933605721211818	0.515486725663717	0.999961054457117	0.488185143121875	0.984811527911564	452	407
"Y68-3x1_inference.xml"	0.934749163247943	0.47972972972973	0.999961054457117	0.976402031679802	0.997593104255922	444	405
"Y45-5x1_inference.xml"	0.934917386343242	0.515400410677618	0.999961054457117	0.996692190795445	0.997593104255922	487	441
"Y204-4x1_inference.xml"	0.935031369581533	0.528089887640449	0.999961054457117	0.919162317523471	0.997593104255922	534	487
"Y45-2x1_inference.xml"	0.935524950787038	0.503092783505155	0.999961054457117	0.949732077786562	0.997593104255922	485	442
"X447-4x402_inference.xml"	0.935979644976361	0.512727272727273	0.999961054457117	0.315709269363498	0.967389420544696	275	258
"X433-3x402_inference.xml"	0.936249519653379	0.481481481481481	0.999961054457117	0.561789596604186	0.988335357989696	216	203
"X459-3x402_inference.xml"	0.937032849648304	0.518518518518518	0.999961054457117	0.980937802751233	0.997593104255922	243	230
"Y49G-2x1_inference.xml"	0.937847136420764	0.508152173913043	0.999961054457117	0.953892802836768	0.997593104255922	368	349
"Y215-2x1_inference.xml"	0.939717741488681	0.497076023391813	0.999961054457117	0.896814432461012	0.997593104255922	513	471
"Y42-7x1_inference.xml"	0.939860849442464	0.494481236203091	0.999961054457117	0.91845025517103	0.997593104255922	453	413
"X469A-3x402_inference.xml"	0.940060127012799	0.468354430379747	0.999961054457117	0.893893764401798	0.997593104255922	158	145
"X474-4x402_inference.xml"	0.940924527421491	0.49171270718232	0.999961054457117	0.0494776701944048	0.861077323794592	362	328
"X454-3x402_inference.xml"	0.940952537417887	0.460526315789474	0.999961054457117	0.95423105010231	0.997593104255922	152	140
"Y215-4x1_inference.xml"	0.942657279720813	0.554140127388535	0.999961054457117	0.996575953699188	0.997593104255922	314	288
"Y87-1x1_inference.xml"	0.94462089868737	0.551558752997602	0.999961054457117	0.972691285818562	0.997593104255922	417	374
"Y70-2x1_inference.xml"	0.949441453515206	0.507399577167019	0.999961054457117	0.950660064123018	0.997593104255922	473	430
"Z80-3x1_NEW_inference.xml"	0.950643757989222	0.48048048048048	0.999961054457117	0.430461766922679	0.967389420544696	333	307
"B776A-3x2_inference.xml"	0.950882129379119	0.49290780141844	0.999961054457117	0.87552035929791	0.997593104255922	282	255
"X490-1x402_inference.xml"	0.952884985163695	0.518617021276596	0.999961054457117	0.778966887502157	0.997593104255922	376	347
"Y223-2x1.xml"	0.953027881546589	0.538461538461538	0.999961054457117	0.320862072188756	0.967389420544696	130	121
"Z263-1x1_inference.xml"	0.954903767198509	0.482837528604119	0.999961054457117	0.792395490028165	0.997593104255922	437	408
"Y17-5x1_inference.xml"	0.955825742497761	0.477564102564103	0.999961054457117	0.979711721430174	0.997593104255922	312	282
"Y200-6x1_inference.xml"	0.957772294436619	0.536	0.999961054457117	0.481318127801176	0.982475847743477	500	447
"A20x102_inference.xml"	0.957915120748429	0.5	0.999961054457117	0.972528272004898	0.997593104255922	384	351
"Y66-7x1_inference.xml"	0.958133928584569	0.469565217391304	0.999961054457117	0.919294318468552	0.997593104255922	460	405
"Y69-1x1_inference.xml"	0.959356749506082	0.54775828460039	0.999961054457117	0.893743308453651	0.997593104255922	513	462
"Y200-4x1_inference.xml"	0.960930278650672	0.492125984251969	0.999961054457117	0.986761090517905	0.997593104255922	508	460
"X488-1x402T_inference.xml"	0.961642490223003	0.514970059880239	0.999961054457117	0.00617830922799532	0.707554087208507	501	459
"X484-3x402_inference.xml"	0.964300822253893	0.522058823529412	0.999961054457117	0.973961241851437	0.997593104255922	272	251
"Y27-1x1_inference.xml"	0.964823300984008	0.495983935742972	0.999961054457117	0.0733075768742521	0.861077323794592	498	451
"Z249A-1x1_inference.xml"	0.96494568644543	0.498806682577566	0.999961054457117	0.227295449536184	0.964283725305022	419	386
"Z242-1x1_inference.xml"	0.967215468032384	0.503416856492027	0.999961054457117	0.983793058350278	0.997593104255922	439	401
"A23-4x102_inference.xml"	0.96832734350564	0.522796352583587	0.999961054457117	0.901619690347311	0.997593104255922	329	300
"Y202-5x1_inference.xml"	0.97011921076027	0.479041916167665	0.999961054457117	0.970508785767866	0.997593104255922	501	450
"X488-2x402_inference.xml"	0.970600866984549	0.515625	0.999961054457117	0.412198631570791	0.967389420544696	256	233
"Y48A-2x1_inference.xml"	0.971088029932406	0.491400491400491	0.999961054457117	0.784328787020522	0.997593104255922	407	361
"A10-1x102_inference.xml"	0.971559712500113	0.59919028340081	0.999961054457117	0.853581134671361	0.997593104255922	247	227
"Y23-1x1_inference.xml"	0.976382234407873	0.548262548262548	0.999961054457117	0.611250223077898	0.988335357989696	518	473
"X437-2x402_inference.xml"	0.97770985303224	0.481481481481481	0.999961054457117	0.972903634464686	0.997593104255922	405	368
"Y202-8x1_inference.xml"	0.978078807427958	0.551724137931034	0.999961054457117	0.997593104255922	0.997593104255922	203	184
"X427-2x402_inference.xml"	0.981020948081726	0.504731861198738	0.999961054457117	0.996318398479611	0.997593104255922	317	295
"X429L-1x402_inference.xml"	0.981932900053512	0.537671232876712	0.999961054457117	0.431179284585636	0.967389420544696	292	272
"A221-5x102_inference.xml"	0.981991228176396	0.496323529411765	0.999961054457117	0.530209274421352	0.988335357989696	544	518
"Y223-4x1_inference.xml"	0.985739051509714	0.516363636363636	0.999961054457117	0.154202000954367	0.927404175584542	275	251
"X481A-3x402_inference.xml"	0.986312146814122	0.498233215547703	0.999961054457117	0.644384167687976	0.98980423555482	283	254
"A17-6x102_inference.xml"	0.987460983576269	0.5	0.999961054457117	0.995557128666306	0.997593104255922	316	294
"Z200-6x1_inference.xml"	0.987959926450372	0.509523809523809	0.999961054457117	0.927074799207442	0.997593104255922	420	381
"X441-2x402_inference.xml"	0.991287035502225	0.518731988472622	0.999961054457117	0.660717657010264	0.98980423555482	347	319
"B562-1x2_inference.xml"	0.991430030031964	0.522088353413655	0.999961054457117	0.828958763201923	0.997593104255922	498	440
"Y203-7x1_inference.xml"	0.99147817623874	0.463855421686747	0.999961054457117	0.350363863276484	0.967389420544696	332	304
"Y74-3x1_inference.xml"	0.99179811066672	0.528138528138528	0.999961054457117	0.68340635253479	0.98980423555482	462	416
"Y63-1x1_inference.xml"	0.994453669730396	0.472945891783567	0.999961054457117	0.795315698375697	0.997593104255922	499	453
"A22-8x102_inference.xml"	0.995816624375139	0.493392070484582	0.999961054457117	0.0564785603118003	0.861077323794592	454	420
"Y232-1x1_inference.xml"	0.996134757029911	0.4824016563147	0.999961054457117	0.554624159840517	0.988335357989696	483	436
"A222-5x102_inference.xml"	0.997390157194296	0.497120921305182	0.999961054457117	0.963176106807817	0.997593104255922	521	495
"Y11-2x1_inference.xml"	0.997756241480318	0.5	0.999961054457117	0.91218174824855	0.997593104255922	562	516
"Y27-3x1_inference.xml"	0.998039357750713	0.465725806451613	0.999961054457117	0.991299747423963	0.997593104255922	496	454
"Y71-1x1_inference.xml"	0.998871317690944	0.532258064516129	0.999961054457117	0.454230808242713	0.978941552889941	434	392
"Y50G-3x1_inference.xml"	0.999535342365512	0.46831955922865	0.999961054457117	0.939524295104238	0.997593104255922	363	326
"Y89-4x1_inference.xml"	0.999961054457117	0.537174721189591	0.999961054457117	0.365979824840592	0.967389420544696	538	480
